{"cameraMode":{"drawMode":0,"name":"Shaded","section":"Shading Mode"},"sceneLighting":true,"audioPlay":false,"sceneViewState":{"showFog":true,"showMaterialUpdate":false,"showSkybox":true,"showFlares":true,"showImageEffects":true,"showParticleSystems":true},"in2DMode":false,"pivot":{"x":-2108.63818359375,"y":5.622364044189453,"z":-13701.5322265625},"rotation":{"x":-0.1157226487994194,"y":0.13041631877422334,"z":-0.01532821636646986,"w":-0.9845647811889648},"size":53.129024505615237,"orthographic":true}